wavelength_nm,vip,vip_scaled,cnn_grad_x_input_scaled
476.5,1.0054,0.4723,0.4361
479.2,1.0246,0.4814,0.3305
481.8,0.9874,0.4639,0.3653
484.5,0.9652,0.4534,0.3284
487.1,0.9692,0.4553,0.3710
489.8,0.9502,0.4464,0.3598
492.4,0.9559,0.4491,0.4017
495.1,0.9291,0.4365,0.3883
497.7,0.9302,0.4370,0.4949
500.4,0.9072,0.4262,0.4059
503.0,0.8713,0.4093,0.3820
505.7,0.8395,0.3944,0.3850
508.3,0.7604,0.3572,0.3177
511.0,0.7259,0.3410,0.3727
513.6,0.6897,0.3240,0.4104
516.3,0.6896,0.3240,0.3220
519.0,0.6860,0.3223,0.3471
521.6,0.7048,0.3311,0.3428
524.3,0.7616,0.3578,0.3287
526.9,0.8152,0.3830,0.3813
529.6,0.9533,0.4478,0.3837
532.2,0.9993,0.4695,0.3560
534.9,1.0586,0.4973,0.3941
537.6,1.1348,0.5331,0.3316
540.2,1.1673,0.5484,0.3535
542.9,1.2173,0.5719,0.3436
545.6,1.2200,0.5731,0.3898
548.2,1.2229,0.5745,0.3773
550.9,1.2137,0.5702,0.4285
553.6,1.1694,0.5494,0.3886
556.2,1.1597,0.5448,0.4422
558.9,1.1112,0.5220,0.3447
561.6,1.0564,0.4963,0.4189
564.3,1.0340,0.4858,0.4197
566.9,1.0107,0.4748,0.4780
569.6,1.0237,0.4809,0.4460
572.3,1.0237,0.4809,0.4264
575.0,1.0966,0.5152,0.3781
577.6,1.1939,0.5609,0.3787
580.3,1.1939,0.5609,0.4147
583.0,1.1778,0.5533,0.4469
585.7,1.1780,0.5534,0.3861
588.4,1.1832,0.5558,0.3671
591.0,1.1320,0.5318,0.4020
593.7,1.1236,0.5279,0.4160
596.4,1.1232,0.5277,0.3527
599.1,1.1550,0.5426,0.3423
601.8,1.1657,0.5476,0.3703
604.5,1.1631,0.5464,0.3402
607.2,1.1232,0.5276,0.3520
609.9,1.0425,0.4898,0.3580
612.5,0.9860,0.4632,0.3038
615.2,0.9169,0.4308,0.3412
617.9,0.8434,0.3962,0.3526
620.6,0.7834,0.3680,0.3416
623.3,0.7848,0.3687,0.3692
626.0,0.7816,0.3672,0.3481
628.7,0.7485,0.3516,0.4093
631.4,0.7614,0.3577,0.4542
634.1,0.7862,0.3694,0.5078
636.8,0.8306,0.3902,0.4577
639.5,0.9379,0.4406,0.3887
642.2,1.0196,0.4790,0.4239
644.9,1.0645,0.5001,0.3374
647.6,1.0423,0.4897,0.4641
650.3,1.0369,0.4871,0.3907
653.0,0.9708,0.4561,0.4455
655.7,0.9000,0.4228,0.3983
658.4,0.8599,0.4040,0.4301
661.1,0.8270,0.3885,0.4243
663.8,0.8469,0.3979,0.4149
666.5,0.8560,0.4022,0.4710
669.2,0.8851,0.4158,0.4463
671.9,0.9070,0.4261,0.5061
674.6,0.9892,0.4647,0.4857
677.4,1.0573,0.4967,0.4190
680.1,1.1859,0.5571,0.3680
682.8,1.3301,0.6249,0.4507
685.5,1.4947,0.7022,0.3687
688.2,1.6271,0.7644,0.3908
690.9,1.6610,0.7803,0.4591
693.6,1.6049,0.7540,0.3548
696.4,1.5158,0.7121,0.4422
699.1,1.4694,0.6903,0.3831
701.8,1.5172,0.7128,0.4825
704.5,1.5759,0.7403,0.5016
707.2,1.6048,0.7539,0.4438
710.0,1.5824,0.7434,0.3599
712.7,1.5399,0.7234,0.4254
715.4,1.4360,0.6746,0.3569
718.1,1.3465,0.6326,0.3597
720.9,1.2708,0.5970,0.3940
723.6,1.2032,0.5653,0.3347
726.3,1.1649,0.5472,0.3370
729.1,1.1614,0.5456,0.3919
731.8,1.1678,0.5486,0.3655
734.5,1.1581,0.5441,0.3757
737.2,1.1255,0.5288,0.3759
740.0,1.0965,0.5151,0.3938
742.7,1.0355,0.4865,0.4111
745.5,1.0184,0.4784,0.4403
748.2,0.9978,0.4687,0.4536
750.9,0.9897,0.4649,0.4381
753.7,1.0063,0.4727,0.4054
756.4,0.9883,0.4643,0.4169
759.1,0.9729,0.4571,0.4226
761.9,0.9888,0.4645,0.4618
764.6,0.9615,0.4517,0.5065
767.4,0.9166,0.4306,0.4898
770.1,0.9360,0.4397,0.4521
772.9,0.9149,0.4298,0.5137
775.6,0.8784,0.4127,0.4561
778.3,0.7021,0.3299,0.5005
781.1,0.6097,0.2864,0.4336
783.8,0.5601,0.2631,0.4777
786.6,0.5344,0.2511,0.4221
789.3,0.5204,0.2445,0.3867
792.1,0.5656,0.2657,0.4615
794.8,0.5771,0.2711,0.4790
797.6,0.6290,0.2955,0.4319
800.3,0.5455,0.2562,0.4116
803.1,0.4703,0.2209,0.4680
805.9,0.4314,0.2027,0.4213
808.6,0.4145,0.1947,0.4635
811.4,0.4265,0.2004,0.3968
814.1,0.4656,0.2187,0.3599
816.9,0.4202,0.1974,0.3675
819.6,0.4323,0.2031,0.4242
822.4,0.4762,0.2237,0.3827
825.2,0.5402,0.2538,0.3514
827.9,0.5975,0.2807,0.4096
830.7,0.6815,0.3201,0.4325
833.5,0.6638,0.3118,0.4014
836.2,0.6506,0.3056,0.3819
839.0,0.5831,0.2739,0.4115
841.8,0.4854,0.2280,0.3796
844.5,0.5168,0.2428,0.4236
847.3,0.5105,0.2398,0.4396
850.1,0.5178,0.2432,0.3950
852.8,0.5621,0.2641,0.4283
855.6,0.5315,0.2497,0.4066
858.4,0.5658,0.2658,0.4427
861.1,0.6093,0.2862,0.4436
863.9,0.6518,0.3062,0.4302
866.7,0.6100,0.2866,0.4963
869.5,0.6669,0.3133,0.4746
872.2,0.6901,0.3242,0.4960
875.0,0.6560,0.3082,0.4357
877.8,0.6613,0.3107,0.4955
880.6,0.6235,0.2929,0.4935
883.4,0.5981,0.2810,0.5119
886.1,0.6351,0.2984,0.5298
888.9,0.6572,0.3087,0.5008
891.7,0.6603,0.3102,0.4447
894.5,0.6410,0.3011,0.5726
897.3,0.6125,0.2878,0.4982
900.1,0.6187,0.2906,0.5267
902.9,0.6300,0.2959,0.5007
905.6,0.6826,0.3207,0.4798
908.4,0.6681,0.3139,0.4990
911.2,0.6553,0.3079,0.5019
914.0,0.7039,0.3307,0.5569
916.8,0.7216,0.3390,0.5587
919.6,0.7003,0.3290,0.5618
922.4,0.7231,0.3397,0.5855
925.2,0.7324,0.3441,0.5245
928.0,0.6231,0.2927,0.5323
930.8,0.6507,0.3057,0.5170
933.6,0.8537,0.4010,0.5347
936.4,0.9984,0.4690,0.5478
939.2,1.0370,0.4872,0.5389
942.0,1.0595,0.4978,0.4954
944.8,1.1549,0.5426,0.5812
947.6,1.4293,0.6715,0.5007
950.4,1.2912,0.6066,0.5540
953.2,1.4506,0.6815,0.5253
956.0,1.6464,0.7734,0.5981
958.8,1.5683,0.7368,0.6614
961.6,1.5075,0.7082,0.5147
964.4,1.3297,0.6247,0.7309
967.2,1.0998,0.5167,0.6183
970.0,1.0663,0.5010,0.6688
972.8,1.0182,0.4784,0.6486
975.6,1.0195,0.4789,0.7802
978.5,0.9609,0.4514,0.7446
981.3,0.9945,0.4672,0.7614
984.1,1.0403,0.4887,0.6363
986.9,1.1082,0.5206,0.7090
989.7,1.2878,0.6050,0.4874
992.5,1.4822,0.6963,0.6086
995.4,1.6444,0.7725,0.5209
998.2,2.1286,1.0000,0.7168
